[
  { "name": "Monzo",    "scheme": "monzo",    "iosScheme": "monzo://",                 "androidPackage": "co.uk.getmondo",                          "appStore": "https://apps.apple.com/gb/search?term=Monzo%20Bank",            "play": "https://play.google.com/store/search?q=Monzo%20Bank&c=apps" },
  { "name": "Starling", "scheme": "starling", "iosScheme": "starling://",              "androidPackage": "com.starlingbank.android",                "appStore": "https://apps.apple.com/gb/search?term=Starling%20Bank",         "play": "https://play.google.com/store/search?q=Starling%20Bank&c=apps" },
  { "name": "Revolut",  "scheme": "revolut",  "iosScheme": "revolut://",               "androidPackage": "com.revolut.revolut",                     "appStore": "https://apps.apple.com/gb/search?term=Revolut",                 "play": "https://play.google.com/store/search?q=Revolut&c=apps" },
  { "name": "Barclays", "scheme": "barclaysmobilebanking", "iosScheme": "barclaysmobilebanking://", "androidPackage": "com.barclays.android.barclaysmobilebanking", "appStore": "https://apps.apple.com/gb/search?term=Barclays%20Mobile%20Banking", "play": "https://play.google.com/store/search?q=Barclays%20Mobile%20Banking&c=apps" },
  { "name": "NatWest",  "scheme": "natwest",  "iosScheme": "natwest://",               "androidPackage": "com.rbs.mobile.android.natwest",          "appStore": "https://apps.apple.com/gb/search?term=NatWest%20Mobile%20Banking", "play": "https://play.google.com/store/search?q=NatWest%20Mobile%20Banking&c=apps" },
  { "name": "HSBC UK",  "scheme": "hsbcukmobilebanking", "iosScheme": "hsbcukmobilebanking://", "androidPackage": "uk.co.hsbc.hsbcukmobilebanking",    "appStore": "https://apps.apple.com/gb/search?term=HSBC%20UK",               "play": "https://play.google.com/store/search?q=HSBC%20UK&c=apps" },
  { "name": "Santander","scheme": "santanderuk","iosScheme":"santanderuk://",          "androidPackage": "uk.co.santander.santanderUK",             "appStore": "https://apps.apple.com/gb/search?term=Santander%20UK",          "play": "https://play.google.com/store/search?q=Santander%20UK&c=apps" },
  { "name": "Lloyds",   "scheme": "lloydsbank","iosScheme":"lloydsbank://",            "androidPackage": "com.lloydstsb.mobilebank",                "appStore": "https://apps.apple.com/gb/search?term=Lloyds%20Bank",           "play": "https://play.google.com/store/search?q=Lloyds%20Bank&c=apps" },
  { "name": "Halifax",  "scheme": "halifax",  "iosScheme": "halifax://",               "androidPackage": "com.halifax.mobilebank",                  "appStore": "https://apps.apple.com/gb/search?term=Halifax%20Bank",          "play": "https://play.google.com/store/search?q=Halifax%20Bank&c=apps" },
  { "name": "TSB",      "scheme": "tsb",      "iosScheme": "tsb://",                   "androidPackage": "uk.co.tsb.mobilebank",                    "appStore": "https://apps.apple.com/gb/search?term=TSB%20Bank",              "play": "https://play.google.com/store/search?q=TSB%20Bank&c=apps" }
]
